Question,Ground_Truth,Final_Answer,Source_System,Self_Correct_Loops,Latency_Sec,Total_Tokens,doc_name,outcome,error_type
"Does 3M have a reasonably healthy liquidity profile based on its quick ratio for Q2 of FY2023? If the quick ratio is not relevant to measure liquidity, please state that and explain why.","No. The quick ratio for 3M was 0.96 by Jun'23 close, which needs a bit of an improvement to touch the 1x mark","Error: {'message': 'Provider returned error', 'code': 400}",,0,58.72,2864,3M_2023Q2_10Q,Technical/Infra Failure,
"What are major acquisitions that Best Buy has done in FY2023, FY2022 and FY2021?","Best Buy closed two acquisitions, both these companies were already partially owned by Best Buy, but Best Buy acquired all outstanding shares of these two companies during FY 2022: (1) Current Health Ltd and (2) Two Peaks, LLC d/b/a Yardbird Furniture","- FY2023: No specific acquisitions mentioned.
- FY2022: Acquisitions of Current Health and Yardbird.
- FY2021: No specific acquisitions mentioned.",System-2 (Loops: 1),1,77.9,24251,BESTBUY_2023_10K,Exact Match,
Does 3M maintain a stable trend of dividend distribution?,"Yes, not only they distribute the dividends on a routine basis, 3M has also been increasing the per share dividend for consecutive 65 years","Yes, 3M maintains a stable trend of dividend distribution. The company has paid dividends since 1916 and has increased its dividend for 65 consecutive years, as of February 2023. The first-quarter and second-quarter 2023 dividends were both \$1.50 per share, marking a 1 percent increase from the previous year.",System-1 (Fast),0,33.8,2636,3M_2023Q2_10Q,Exact Match,
What is the FY2019 fixed asset turnover ratio for Activision Blizzard? Fixed asset turnover ratio is defined as: FY2019 revenue / (average PP&E between FY2018 and FY2019). Round your answer to two decimal places. Base your judgments on the information provided primarily in the statement of income and the statement of financial position.,24.26,"Error: {'message': 'Provider returned error', 'code': 400}",,0,28.31,1140,ACTIVISIONBLIZZARD_2019_10K,Technical/Infra Failure,
What is the FY2017 - FY2019 3 year average of capex as a % of revenue for Activision Blizzard? Answer in units of percents and round to one decimal place. Calculate (or extract) the answer from the statement of income and the cash flow statement.,1.9%,"To calculate the 3-year average of capex as a % of revenue for Activision Blizzard from FY2017 to FY2019:

1. **Extract the necessary data:**
   - **Net revenues:**
     - 2019: $6,489 million
     - 2018: $7,500 million
     - 2017: $7,017 million
   - **Capital expenditures (Capex):**
     - 2019: $116 million
     - 2018: $131 million
     - 2017: $155 million

2. **Calculate Capex as a % of revenue for each year:**
   - 2019: \(\frac{116}{6489} \times 100 = 1.8\% \)
   - 2018: \(\frac{131}{7500} \times 100 = 1.7\% \)
   - 2017: \(\frac{155}{7017} \times 100 = 2.2\% \)

3. **Calculate the 3-year average:**
   - Average: \(\frac{1.8 + 1.7 + 2.2}{3} = 1.9\% \)

The 3-year average of capex as a % of revenue for Activision Blizzard from FY2017 to FY2019 is **1.9%**.",System-1 (Fast),0,41.43,4781,ACTIVISIONBLIZZARD_2019_10K,Exact Match,
What is the quantity of restructuring costs directly outlined in AES Corporation's income statements for FY2022? If restructuring costs are not explicitly outlined then state 0.,0,"0

The provided context does not explicitly mention any restructuring costs in the income statements for FY2022. Therefore, the quantity of restructuring costs directly outlined is 0.",System-1 (Fast),0,34.91,7173,AES_2022_10K,Exact Match,
What was MGM's interest coverage ratio using FY2022 Adjusted EBIT as the numerator and annual Interest Expense as the denominator?,"As adjusted EBIT is negative, coverage ratio is zero",-3.39,System-2 (Loops: 1),1,63.57,15276,MGMRESORTS_2022Q4_EARNINGS,Incorrect,Reasoning Error
"Based on the information provided primarily in the statement of financial position and the statement of income, what is AES's FY2022 return on assets (ROA)? ROA is defined as: FY2022 net income / (average total assets between FY2021 and FY2022). Round your answer to two decimal places.",-0.02,"To calculate the Return on Assets (ROA) for AES in FY2022, we need the following data:

1. Net income for FY2022
2. Total assets for FY2022 and FY2021

From the provided context:

- Net income (loss) attributable to The AES Corporation for FY2022: $ (546) million
- Total assets for FY2022: $ 38,363 million
- Total assets for FY2021: $ 32,963 million

First, calculate the average total assets for FY2021 and FY2022:
\[ \text{Average Total Assets} = \frac{\text{Total Assets FY2022} + \text{Total Assets FY2021}}{2} = \frac{38,363 + 32,963}{2} = \frac{71,326}{2} = 35,663 \]

Next, calculate the ROA:
\[ \text{ROA} = \frac{\text{Net Income FY2022}}{\text{Average Total Assets}} = \frac{-546}{35,663} \approx -0.0153 \]

Rounding to two decimal places:
\[ \text{ROA} \approx -1.53\% \]

Thus, AES's FY2022 return on assets (ROA) is \(-1.53\%\).",System-1 (Fast),0,44.27,6605,AES_2022_10K,Partial Match,Calculation Error
Has MGM Resorts paid dividends to common shareholders in FY2022?,Yes. MGM maintained 0.01$ per share annual dividend through out FY 2022.,[The required data is not available in the provided context.],System-2 (Loops: 1),1,29.72,7815,MGMRESORTS_2022_10K,Correct Rejection,
"As of Q2'2023, is Pfizer spinning off any large business segments?","Yes, it's spinning off Upjohn.",[The required data is not available in the provided context.],System-2 (Loops: 1),1,107.8,18057,Pfizer_2023Q2_10Q,Correct Rejection,
"By drawing conclusions from the information stated only in the income statement, what is Amazon's FY2019 net income attributable to shareholders (in USD millions)?",$11588.00,11.588,System-1 (Fast),0,13.76,3201,AMAZON_2019_10K,Partial Match,Instruction-Following Error
What is the FY2018 - FY2020 3 year average of capex as a % of revenue for MGM Resorts? Answer in units of percents and round to one decimal place. Please utilize information provided primarily within the statement of cash flows and the statement of income.,7.9%,15.4%,System-2 (Loops: 1),1,114.88,27491,MGMRESORTS_2020_10K,Incorrect,Calculation Error
What was the key agenda of the AMCOR's 8k filing dated 1st July 2022?,"Amcor Finance (USA), Inc. and Amcor Flexibles North America, Inc., entered into supplemental indentures relating to Guaranteed Senior Notes due 2026 and 2028. This involved the substitution of the Substitute Issuer (Amcor Flexibles North America) for the Former Issuer (Amcor Finance) and the assumption of covenants under the indentures. (In essence a novation agreement)","The key agenda of AMCOR's 8K filing dated 1st July 2022 was to document the execution of a Supplemental Indenture on June 30, 2022, where Amcor Flexibles North America, Inc. (formerly known as Bemis Company, Inc.) became the Substitute Issuer, assuming the obligations of the Former Issuer (Amcor plc) under the Indenture, including the covenants and all amounts due and owing on the Securities Outstanding, specifically the 3.625% Guaranteed Senior Notes due 2026 and the 4.500% Guaranteed Senior Notes due 2028.",System-1 (Fast),0,2026-03-15 00:00:00,1321,AMCOR_2022_8K_dated-2022-07-01,Partial Match,Retrieval Error
What is the nature & purpose of AMCOR's restructuring liability as oF Q2 of FY2023 close?,87% of the total restructuring liability is related Employee liabilities.,"Error: {'message': 'Provider returned error', 'code': 400}",,0,39.9,4316,AMCOR_2023Q2_10Q,Technical/Infra Failure,
What Was AMCOR's Adjusted Non GAAP EBITDA for FY 2023,"AMCOR's Adj. EBITDA was $2,018mn in FY 2023",2080,System-1 (Fast),0,12.52,4536,AMCOR_2023Q4_EARNINGS,Incorrect,Retrieval Error
What is Amazon's year-over-year change in revenue from FY2016 to FY2017 (in units of percents and round to one decimal place)? Calculate what was asked by utilizing the line items clearly shown in the statement of income.,30.8%,30.8%,System-2 (Loops: 1),1,57.66,6272,AMAZON_2017_10K,Exact Match,
What is Amcor's year end FY2020 net AR (in USD millions)? Address the question by adopting the perspective of a financial analyst who can only use the details shown within the balance sheet.,$1616.00,Amcor's year-end FY2020 net AR is 133.3 million USD.,System-2 (Loops: 1),1,78.73,13855,AMCOR_2020_10K,Incorrect,Retrieval Error
"Does AMD have a reasonably healthy liquidity profile based on its quick ratio for FY22? If the quick ratio is not relevant to measure liquidity, please state that and explain why.","Yes. The quick ratio is 1.57, calculated as (cash and cash equivalents+Short term investments+Accounts receivable, net+receivables from related parties)/ (current liabilities).","AMD's quick ratio for FY22 is 1.77. A quick ratio of 1.77 is generally considered to be reasonably healthy, as it indicates that the company has sufficient liquid assets to cover its short-term liabilities.",System-2 (Loops: 1),1,114.02,14763,AMD_2022_10K,Partial Match,Calculation Error
What industry does AMCOR primarily operate in?,Amcor is a global leader in packaging production for various use cases.,AMCOR primarily operates in the packaging industry.,System-1 (Fast),0,30.77,5430,AMCOR_2023_10K,Exact Match,
"Does AMCOR have an improving gross margin profile as of FY2023? If gross margin is not a useful metric for a company like this, then state that and explain why.",No. For AMCOR there has been a slight decline in gross margins by 0.8%.,"Based on the provided context, AMCOR's gross margin profile is not improving as of FY2023. The gross profit as a percentage of sales decreased to 18.5% in fiscal year 2023, down from the previous year. This decline is primarily attributed to the pass-through of higher raw material costs and the impact of disposed operations. Therefore, the gross margin has deteriorated, indicating a less favorable gross margin profile in FY2023.",System-1 (Fast),0,59.24,4863,AMCOR_2023_10K,Exact Match,
Is Verizon a capital intensive business based on FY 2022 data?,"Yes. Verizon's capital intensity ratio was approximately 2.774729. This means that it took approximately $2.77 of assets to generate $1 of revenue and thus, Verizon can be considered capital intensive.","Based on the FY 2022 data, Verizon's Capital Intensity Ratio is 0.93%, suggesting that Verizon is not a highly capital-intensive business.",System-2 (Loops: 1),1,76.92,12898,VERIZON_2022_10K,Incorrect,Calculation Error
What are the major products and services that AMD sells as of FY22?,"AMD sells server microprocessors (CPUs) and graphics processing units (GPUs), data processing units (DPUs), Field Programmable Gate Arrays (FPGAs), and Adaptive System-on-Chip (SoC) products for data centers; CPUs, accelerated processing units (APUs) that integrate CPUs and GPUs, and chipsets for desktop and notebook personal computers; discrete GPUs, and semi-custom SoC products and development services; and embedded CPUs, GPUs, APUs, FPGAs, and Adaptive SoC products.","As of FY22, AMD sells the following major products and services:

1. **x86 Microprocessors (CPUs)**:
   - Client processors: AMD Ryzen, AMD Ryzen PRO, Ryzen Threadripper, Ryzen Threadripper PRO, AMD Athlon, AMD Athlon PRO, and AMD PRO A-Series.
   - Commercial CPUs: AMD PRO Mobile and AMD PRO desktop processors with Radeon™ graphics, including AMD Ryzen PRO, AMD Threadripper PRO, and AMD Athlon PRO.
   - Embedded CPUs: AMD Embedded EPYC CPUs, AMD Embedded Ryzen V-Series APUs, CPUs, and SoCs, AMD Embedded Ryzen R-Series APUs, CPUs, and SoCs.

2. **Graphics Processing Units (GPUs)**:
   - Client GPUs: Integrated with AMD Ryzen and AMD Ryzen PRO processors.
   - Data center and professional GPUs: High-performance GPUs for enterprise and cloud infrastructure, gaming, compute, AI, and virtual reality (VR) and augmented reality (AR).

3. **Accelerated Processing Units (APUs)**:
   - Standalone devices or incorporated into CPUs, including AMD Embedded Ryzen V-Series and R-Series APUs.

4. **Chipsets**:
   - Supporting various AMD processors.

5. **Data Processing Units (DPUs)**:
   - High-performance DPUs and next-generation data center solutions, acquired through the acquisition of Pensando Systems, Inc.

6. **Field Programmable Gate Arrays (FPGAs) and Adaptive SoCs**:
   - FPGAs and Adaptive SoCs used in the data center and embedded markets, acquired through the acquisition of Xilinx, Inc.

7. **Microprocessor and SoC Development Services and Technology**:
   - Services and technology for developing microprocessors and SoCs.

8. **Intellectual Property (IP) Licensing**:
   - Licensing portions of its IP portfolio.",System-1 (Fast),0,48.99,1179,AMD_2022_10K,Partial Match,Completeness Error
What drove revenue change as of the FY22 for AMD?,"In 2022, AMD reported Higher sales of their EPYC server processors, higher semi-custom product sales, and the inclusion of Xilinx embedded product sales","The significant increase in AMD's net revenue for FY22 was primarily driven by the inclusion of Xilinx embedded product revenue as a result of the acquisition of Xilinx in February 2022. Additionally, the Data Center segment's net revenue increased by 64% due to higher sales of EPYC server processors.",System-1 (Fast),0,36.74,2099,AMD_2022_10K,Exact Match,
Has Boeing reported any materially important ongoing legal battles from FY2022?,Yes. Multiple lawsuits have been filed against Boeing resulting from a 2018 Lion Air crash and a 2019 Ethiopian Airlines crash.,"No, Boeing has not reported any materially important ongoing legal battles from FY2022.",System-2 (Loops: 1),1,112.78,12723,BOEING_2022_10K,Incorrect,Retrieval Error
"Among operations, investing, and financing activities, which brought in the most (or lost the least) cash flow for AMD in FY22?","In 2022, AMD brought in the most cashflow from Operations","Operating activities brought in the most cash flow for AMD in FY22, with a net cash provided by operating activities of $3,565 million.",System-1 (Fast),0,29.31,1778,AMD_2022_10K,Exact Match,
"From FY21 to FY22, excluding Embedded, in which AMD reporting segment did sales proportionally increase the most?",Data Center,"Error: {'message': 'Provider returned error', 'code': 400}",,0,18.17,0,AMD_2022_10K,Technical/Infra Failure,
Did AMD report customer concentration in FY22?,"Yes, one customer accounted for 16% of consolidated net revenue","Yes, AMD reported customer concentration in FY22. One customer accounted for 16% of AMD's consolidated net revenue for the year ended December 31, 2022. Sales to this customer consisted of sales of products from the Gaming segment.",System-1 (Fast),0,21.79,1807,AMD_2022_10K,Exact Match,
Has Microsoft increased its debt on balance sheet between FY2023 and the FY2022 period?,No. Microsoft decreased its debt by $2.5bn in FY 2023 vs FY 2022.,"No, Microsoft has not increased its debt on the balance sheet between FY2023 and FY2022. The debt decreased by \$4.7 billion.",System-2 (Loops: 1),1,72.08,26190,MICROSOFT_2023_10K,Partial Match,Calculation Error
What are the geographies that American Express primarily operates in as of 2022?,"United States, EMEA, APAC, and LACC","American Express primarily operates in the following geographies as of 2022: United States, India, Thailand, China, Taiwan, Delaware, Victoria (Australia), New Zealand, United Kingdom, England and Wales, Netherlands, Jersey, Argentina, France, Brazil, Italy, Japan, Spain, Switzerland, Hong Kong, Chile, Malaysia, Mexico, and Ontario (Canada).",System-1 (Fast),0,22.83,4842,AMERICANEXPRESS_2022_10K,Incorrect,Retrieval Error
Which Best Buy product category performed the best (by top line) in the domestic (USA) Market during Q2 of FY2024?,"The entertainment segment experienced the highest growth of 9% during Q2 FY2024, primarily from gaming division.","The Best Buy product category that performed the best (by top line) in the domestic (USA) market during Q2 of FY2024 is ""Computing and Mobile Phones"" with 41%.",System-2 (Loops: 1),1,85.03,11283,BESTBUY_2024Q2_10Q,Incorrect,Retrieval Error
"What drove gross margin change as of the FY2022 for American Express? If gross margin is not a useful metric for a company like this, then please state that and explain why.",Performance is not measured through gross margin,"Gross margin is not a useful metric for a company like American Express. This is because American Express operates primarily in the financial services sector, where the key financial metrics focus more on net interest income, loan balances, and other financial ratios such as net interest margin and net write-off rates. Gross margin, which is typically used in manufacturing or retail businesses to measure the profitability of sales after deducting the cost of goods sold, does not apply in the same way to a financial services company. Instead, metrics like net interest income, which increased by 26 percent in 2022, and the net interest margin are more relevant for understanding American Express's financial performance.",System-1 (Fast),0,48.41,2189,AMERICANEXPRESS_2022_10K,Exact Match,
How much has the effective tax rate of American Express changed between FY2021 and FY2022?,The effective tax rate for American Express has changed/dropped from 24.6% in FY 2021 to 21.6% in FY 2022.,"The effective tax rate of American Express changed from 24.6% in FY2021 to 21.6% in FY2022, resulting in a decrease of 3.0 percentage points.",System-1 (Fast),0,2026-05-16 00:00:00,2219,AMERICANEXPRESS_2022_10K,Exact Match,
What was the largest liability in American Express's Balance Sheet in 2022?,Customer deposits,"The largest liability in American Express's Balance Sheet in 2022 was Customer deposits, which amounted to $110,239 million.",System-1 (Fast),0,17.22,4960,AMERICANEXPRESS_2022_10K,Exact Match,
What is the FY2016 COGS for Microsoft? Please state answer in USD millions. Provide a response to the question by primarily using the statement of income.,$32780.00,"The FY2016 COGS for Microsoft is $ 32,780 million.",System-2 (Loops: 1),1,37.46,11098,MICROSOFT_2016_10K,Exact Match,
How much (in USD billions) did American Water Works pay out in cash dividends for FY2020? Compute or extract the answer by primarily using the details outlined in the statement of cash flows.,$0.40,"The amount paid out in cash dividends for FY2020 by American Water Works, as outlined in the statement of cash flows, is $389 million. Converting this to USD billions, the amount is:

$389 million = $0.389 billion

Therefore, American Water Works paid out $0.389 billion in cash dividends for FY2020.",System-1 (Fast),0,53.48,6679,AMERICANWATERWORKS_2020_10K,Partial Match,Instruction-Following Error
"Basing your judgments off of the cash flow statement and the income statement, what is American Water Works's FY2021 unadjusted operating income + depreciation and amortization from the cash flow statement (unadjusted EBITDA) in USD millions?",$1832.00,"To calculate the unadjusted EBITDA for American Water Works in FY2021, we need to add the operating income and the depreciation and amortization from the cash flow statement.

From the provided context:
- Operating income (from the income statement) for 2021: $1,196 million
- Depreciation and amortization (from the cash flow statement) for 2021: $636 million

Unadjusted EBITDA = Operating income + Depreciation and amortization
Unadjusted EBITDA = $1,196 million + $636 million = $1,832 million

Therefore, American Water Works's FY2021 unadjusted EBITDA is $1,832 million.",System-1 (Fast),0,63.58,7273,AMERICANWATERWORKS_2021_10K,Exact Match,
"Does American Water Works have positive working capital based on FY2022 data? If working capital is not a useful or relevant metric for this company, then please state that and explain why.","No, American Water Works had negative working capital of -$1561M in FY 2022.","Based on the FY2022 data provided, American Water Works has a negative working capital. The context states that the company's working capital (defined as current assets less current liabilities) was in a deficit position as of December 31, 2022. Therefore, the working capital is not positive.

Working capital is a relevant metric for assessing a company's short-term financial health and liquidity. However, for a company like American Water Works, which is a utility company, working capital might not be the most critical metric due to the nature of its operations. Utility companies often have stable and predictable cash flows, and their financial health is more commonly evaluated using metrics such as debt levels, interest coverage ratios, and regulatory capital requirements. Nonetheless, a negative working capital can still indicate potential liquidity issues that need to be managed.",System-1 (Fast),0,42.4,8243,AMERICANWATERWORKS_2022_10K,Partial Match,Completeness Error
"In agreement with the information outlined in the income statement, what is the FY2015 - FY2017 3 year average net profit margin (as a %) for Best Buy? Answer in units of percents and round to one decimal place.",2.8%,"To calculate the 3-year average net profit margin for Best Buy from FY2015 to FY2017, we need to follow these steps:

1. Identify the net earnings from continuing operations for each year.
2. Identify the revenue for each year.
3. Calculate the net profit margin for each year.
4. Compute the average of these net profit margins.

From the provided context:

- FY2017:
  - Net earnings from continuing operations: $1,207
  - Revenue: $39,403
  - Net profit margin: \( \frac{1,207}{39,403} \times 100 = 3.06\% \)

- FY2016:
  - Net earnings from continuing operations: $807
  - Revenue: $39,528
  - Net profit margin: \( \frac{807}{39,528} \times 100 = 2.04\% \)

- FY2015:
  - Net earnings from continuing operations: $1,246
  - Revenue: $40,339
  - Net profit margin: \( \frac{1,246}{40,339} \times 100 = 3.09\% \)

Now, calculate the average net profit margin:

\[ \text{Average Net Profit Margin} = \frac{3.06\% + 2.04\% + 3.09\%}{3} = \frac{8.19\%}{3} = 2.73\% \]

Rounded to one decimal place:

\[ \text{Average Net Profit Margin} = 2.7\% \]

So, the 3-year average net profit margin for Best Buy from FY2015 to FY2017 is 2.7%.",System-1 (Fast),0,32.4,3647,BESTBUY_2017_10K,Partial Match,Calculation Error
"What drove operating margin change as of the FY22 for AMD? If operating margin is not a useful metric for a company like this, then please state that and explain why.",The decrease in AMD's operating income was primarily driven by amortization of intangible assets associated with the Xilinx acquisition,"The operating margin for AMD decreased from 22.20% in FY2021 to 5.35% in FY2022, a change of -16.85%. This significant decrease was primarily driven by a substantial reduction in operating income, which fell from $3,648 million in FY2021 to $1,264 million in FY2022, largely due to the amortization of intangible assets associated with the Xilinx acquisition.",System-2 (Loops: 1),1,146.32,12054,AMD_2022_10K,Exact Match,
"Are Best Buy's gross margins historically consistent (not fluctuating more than roughly 2% each year)? If gross margins are not a relevant metric for a company like this, then please state that and explain why.","Yes, the margins have been consistent, there has been a minor decline of 1.1% in gross margins between FY2022 and FY2023.","Best Buy's gross margins, as a percentage of revenue, have fluctuated more than 2% each year over the past three years. Specifically:

- 2023: 21.4%
- 2022: 22.5%
- 2021: 22.4%

The change from 2022 to 2023 is a decrease of 1.1%, and the change from 2021 to 2022 is a decrease of 0.1%. These changes exceed the 2% threshold, indicating that the gross margins are not historically consistent.

Gross margins are a relevant metric for a company like Best Buy, as they provide insight into the company's pricing strategy, cost management, and overall profitability. Therefore, the fluctuation in gross margins is significant and should be considered in financial analysis.",System-1 (Fast),0,32.44,5336,BESTBUY_2023_10K,Incorrect,Reasoning Error
Who are the primary customers of Boeing as of FY2022?,Boeing's primary customers as of FY2022 are a limited number of commercial airlines and the US government. The US government accounted for 40% of Boeing's total revenues in FY2022.,"The primary customers of Boeing as of FY2022 include non-U.S. customers, particularly those in China, and foreign military sales.",System-2 (Loops: 1),1,95.24,13695,BOEING_2022_10K,Incorrect,Retrieval Error
"Among operations, investing, and financing activities, which brought in the most (or lost the least) cash flow for Best Buy in FY2023?",Best Buy generated the most cash flow from operating activities in FY 2023 ($1.8 bn),"Among operations, investing, and financing activities, operating activities brought in the most cash flow for Best Buy in FY2023, with a total of $1,824 million.",System-1 (Fast),0,45.88,4229,BESTBUY_2023_10K,Exact Match,
Which debt securities are registered to trade on a national securities exchange under 3M's name as of Q2 of 2023?,"Following debt securities registered under 3M's name are listed to trade on the New York Stock Exchange:
-1.500% Notes due 2026 (Trading Symbol: MMM26)
-1.750% Notes due 2030 (Trading Symbol: MMM30)
-1.500% Notes due 2031 (Trading Symbol: MMM31)",The required data is not available in the provided context.,System-2 (Loops: 1),1,43.42,8216,3M_2023Q2_10Q,Correct Rejection,
Roughly how many times has AES Corporation sold its inventory in FY2022? Calculate inventory turnover ratio for the FY2022; if conventional inventory management is not meaningful for the company then state that and explain why.,AES has converted inventory 9.5 times in FY 2022.,The required data is not available in the provided context.,System-2 (Loops: 1),1,66.63,21333,AES_2022_10K,Correct Rejection,
What is Amazon's FY2017 days payable outstanding (DPO)? DPO is defined as: 365 * (average accounts payable between FY2016 and FY2017) / (FY2017 COGS + change in inventory between FY2016 and FY2017). Round your answer to two decimal places. Address the question by using the line items and information shown within the balance sheet and the P&L statement.,93.86,The required data is not available in the provided context.,System-2 (Loops: 1),1,55.48,5247,AMAZON_2017_10K,Correct Rejection,
"Considering the data in the balance sheet, what is Block's (formerly known as Square) FY2016 working capital ratio? Define working capital ratio as total current assets divided by total current liabilities. Round your answer to two decimal places.",1.73,"Error: {'message': 'Provider returned error', 'code': 400}",,0,20.88,1020,BLOCK_2016_10K,Technical/Infra Failure,
What is the FY2019 - FY2020 total revenue growth rate for Block (formerly known as Square)? Answer in units of percents and round to one decimal place. Approach the question asked by assuming the standpoint of an investment banking analyst who only has access to the statement of income.,101.5%,The FY2019 - FY2020 total revenue growth rate for Block (formerly known as Square) is 101.0%.,System-1 (Fast),0,25.17,2128,BLOCK_2020_10K,Exact Match,
"Using the cash flow statement, answer the following question to the best of your abilities: how much did Block (formerly known as Square) generate in cash flow from operating activities in FY2020? Answer in USD millions.",$382.00,381.6,System-1 (Fast),0,18.53,1551,BLOCK_2020_10K,Exact Match,
"We need to calculate a financial metric by using information only provided within the balance sheet. Please answer the following question: what is Boeing's year end FY2018 net property, plant, and equipment (in USD millions)?",$12645.00,"Boeing's year-end FY2018 net property, plant, and equipment (in USD millions) is $12,645.",System-1 (Fast),0,25.83,3797,BOEING_2018_10K,Exact Match,
"How much was the Real change in Sales for AMCOR in FY 2023 vs FY 2022, if we exclude the impact of FX movement, passthrough costs and one-off items?",The Real Growth was flat in FY 2023 vs FY 2022.,The required data is not available in the provided context.,System-2 (Loops: 1),1,59.95,16244,AMCOR_2023Q4_EARNINGS,Correct Rejection,
"Has AMCOR's quick ratio improved or declined between FY2023 and FY2022? If the quick ratio is not something that a financial analyst would ask about a company like this, then state that and explain why.",The quick ratio has slightly improved from 0.67 times to 0.69 times between FY 2023 and FY 2022.(3.4% jump),The required data is not available in the provided context.,System-2 (Loops: 1),1,93.28,15675,AMCOR_2023_10K,Correct Rejection,
"Does Boeing have an improving gross margin profile as of FY2022? If gross margin is not a useful metric for a company like this, then state that and explain why.","Yes. Boeing has an improving gross margin profile as of FY2022. Gross profit improved from $3,017 million in FY2021 to $3,502 million in FY2022. Gross margin % improved from 4.8% in FY2021 to 5.3% in FY2022.","Error: {'message': 'Provider returned error', 'code': 400}",,0,43.65,0,BOEING_2022_10K,Technical/Infra Failure,
"What are major acquisitions that AMCOR has done in FY2023, FY2022 and FY2021?","Amcor completed these acquisitions during FY2023:
-100% equity interest of a flexibles manufacturing company in the Czech Republic
- 100% equity interest in a medical device packaging manufacturing site in
Shanghai, China.
-acquisition of a New Zealand-based leading manufacturer of state-of-the-art, automated protein
packaging machines.",The required data is not available in the provided context.,System-2 (Loops: 1),1,70.62,15367,AMCOR_2023_10K,Correct Rejection,
Is Boeing's business subject to cyclicality?,"Yes, Boeing's business is subject to cyclicality due to its exposure to the airline industry which is a cyclical industry.","Error: {'message': 'Provider returned error', 'code': 400}",,0,43.77,2430,BOEING_2022_10K,Technical/Infra Failure,
What production rate changes is Boeing forecasting for FY2023?,"Boeing forecasts an increase in the production rates for the 737, 777X and 787 aircrafts in 2023.","Boeing is forecasting the following production rate changes for FY2023:
- The 787 program is expected to gradually increase to 5 per month.
- Production of the 777X, which is currently paused, is expected to resume.
- The 737 program, which is currently producing at 31 per month, is planned to gradually increase based on market demand and supply chain capacity.",System-1 (Fast),0,30.55,2900,BOEING_2022_10K,Exact Match,
How does Boeing's effective tax rate in FY2022 compare to FY2021?,"Effective tax rate in FY2022 was 0.62%, compared to  -14.76% in FY2021.","Error: {'message': 'Provider returned error', 'code': 400}",,0,36.3,0,BOEING_2022_10K,Technical/Infra Failure,
What is the FY2017 return on assets (ROA) for Coca Cola? ROA is defined as: FY2017 net income / (average total assets between FY2016 and FY2017). Round your answer to two decimal places. Give a response to the question by relying on the details shown in the balance sheet and the P&L statement.,0.01,"Error: {'message': 'Provider returned error', 'code': 400}",,0,23.67,655,COCACOLA_2017_10K,Technical/Infra Failure,
What is Coca Cola's FY2021 COGS % margin? Calculate what was asked by utilizing the line items clearly shown in the income statement.,39.7%,"To calculate the FY2021 COGS % margin, we use the following formula:

\[ \text{COGS % Margin} = \left( \frac{\text{Cost of Goods Sold (COGS)}}{\text{Net Operating Revenues}} \right) \times 100 \]

From the provided context:
- Net Operating Revenues for 2021: $38,655.0 million
- Cost of Goods Sold (COGS) for 2021: $15,357.0 million

\[ \text{COGS % Margin} = \left( \frac{15,357.0}{38,655.0} \right) \times 100 \]

\[ \text{COGS % Margin} = 0.3973 \times 100 \]

\[ \text{COGS % Margin} = 39.73\% \]

Therefore, Coca Cola's FY2021 COGS % margin is 39.73%.",System-1 (Fast),0,26.47,3259,COCACOLA_2021_10K,Exact Match,
What is Coca Cola's FY2022 dividend payout ratio (using total cash dividends paid and net income attributable to shareholders)? Round answer to two decimal places. Answer the question asked by assuming you only have access to information clearly displayed in the cash flow statement and the income statement.,0.8,"To calculate the dividend payout ratio for Coca-Cola in FY2022, we use the following formula:

\[ \text{Dividend Payout Ratio} = \frac{\text{Total Cash Dividends Paid}}{\text{Net Income Attributable to Shareholders}} \]

From the provided context:
- Total Cash Dividends Paid in 2022: $7,616 million
- Net Income Attributable to Shareholders in 2022: $9,571 million

Now, we calculate the ratio:

\[ \text{Dividend Payout Ratio} = \frac{7,616}{9,571} \approx 0.7962 \]

Rounded to two decimal places, the dividend payout ratio is:

\[ \text{Dividend Payout Ratio} = 0.80 \]",System-1 (Fast),0,27.33,4216,COCACOLA_2022_10K,Exact Match,
Which debt securities are registered to trade on a national securities exchange under American Express' name as of 2022?,There are none,The required data is not available in the provided context.,System-2 (Loops: 1),1,50.78,9508,AMERICANEXPRESS_2022_10K,Correct Rejection,
"Taking into account the information outlined in the income statement, what is the FY2019 - FY2021 3 year average unadjusted operating income % margin for Corning? Answer in units of percents and round to one decimal place.",10.3%,"To calculate the 3-year average unadjusted operating income % margin for Corning from FY2019 to FY2021, we need to follow these steps:

1. Identify the operating income and net sales for each year.
2. Calculate the operating income margin for each year.
3. Compute the average of these margins over the three years.

From the provided context:

- **2021:**
  - Operating income: $2,112 million
  - Net sales: $14,082 million
  - Operating income margin: \( \frac{2112}{14082} \times 100 = 15.0\% \)

- **2020:**
  - Operating income: $509 million
  - Net sales: $11,303 million
  - Operating income margin: \( \frac{509}{11303} \times 100 = 4.5\% \)

- **2019:**
  - Operating income: $1,306 million
  - Net sales: $11,503 million
  - Operating income margin: \( \frac{1306}{11503} \times 100 = 11.4\% \)

Now, calculate the average of these margins:

\[ \text{Average operating income margin} = \frac{15.0\% + 4.5\% + 11.4\%}{3} = \frac{30.9\%}{3} = 10.3\% \]

Therefore, the 3-year average unadjusted operating income % margin for Corning is **10.3%**.",System-1 (Fast),0,32.95,3483,CORNING_2021_10K,Exact Match,
"Basing your judgments off of the balance sheet, what is the year end FY2018 amount of accounts payable for MGM Resorts? Answer in USD millions.",$303.00,The year-end FY2018 amount of accounts payable for MGM Resorts is $302.6 million.,System-1 (Fast),0,20.39,5586,MGMRESORTS_2018_10K,Exact Match,
"Does AMEX have an improving operating margin profile as of 2022? If operating margin is not a useful metric for a company like this, then state that and explain why.",Performance is not measured through operating margin,The required data is not available in the provided context.,System-2 (Loops: 1),1,64.1,12229,AMERICANEXPRESS_2022_10K,Correct Rejection,
Which region had the Highest EBITDAR Contribution for MGM during FY2022?,Las Vegas resorts contributed ~90% of company level EBITDAR during FY2022.,"Based on the provided context, the region with the highest EBITDAR contribution for MGM during FY2022 is the Las Vegas Strip Resorts, with an Adjusted Property EBITDAR of $3,142,308 thousand.",System-1 (Fast),0,13.52,2850,MGMRESORTS_2022Q4_EARNINGS,Partial Match,Completeness Error
Was American Express able to retain card members during 2022?,Yes,The required data is not available in the provided context.,System-2 (Loops: 1),1,35.88,2486,AMERICANEXPRESS_2022_10K,Correct Rejection,
Which region had the worst topline performance for MGM during FY2022?,MGM China experienced the worst topline performance amongst the other regions presented. Its revenue declined 44% in FY2022 whereas the other regions presented increased their revenues.,"Based on the provided context, the region with the worst topline performance for MGM during FY2022 is MGM China, as it reported a negative Adjusted Property EBITDAR of $(203,136) thousand.",System-1 (Fast),0,15.99,2955,MGMRESORTS_2022Q4_EARNINGS,Partial Match,Completeness Error
Was there any drop in Cash & Cash equivalents between FY 2023 and Q2 of FY2024?,"Yes, there was a decline of ~42% between FY2023 and Q2 of FY 2024.",The required data is not available in the provided context.,System-2 (Loops: 1),1,65.77,3214,BESTBUY_2024Q2_10Q,Correct Rejection,
Was there any change in the number of Best Buy stores between Q2 of FY2024 and FY2023?,"Yes, there is decline in number stores by 1.32% from 982 stores in Q2 FY 2023 to 969 by the end of Q2 FY2024.",The required data is not available in the provided context.,System-2 (Loops: 2),2,138.5,13424,BESTBUY_2024Q2_10Q,Correct Rejection,
"Based on the information provided primarily in the balance sheet and the statement of income, what is FY2020 days payable outstanding (DPO) for Corning? DPO is defined as: 365 * (average accounts payable between FY2019 and FY2020) / (FY2020 COGS + change in inventory between FY2019 and FY2020). Round your answer to two decimal places.",63.86,The required data is not available in the provided context.,System-2 (Loops: 1),1,53.13,5039,CORNING_2020_10K,Correct Rejection,
Which type of debt received the largest investment among the short term investments for MGM in H1 FY2023?,the biggest short term investment is in corporate bonds (almost 82% of the total investment),The required data is not available in the provided context.,System-2 (Loops: 1),1,30.99,14434,MGMRESORTS_2023Q2_10Q,Correct Rejection,
We want to calculate a financial metric. Please help us compute it by basing your answers off of the statement of income and the statement of cash flows. Here's the question: what is the FY2015 unadjusted EBITDA % margin for Netflix? Calculate unadjusted EBITDA using unadjusted operating income and D&A (from cash flow statement).,5.4%,"To calculate the FY2015 unadjusted EBITDA % margin for Netflix, we need to follow these steps:

1. **Identify Operating Income (EBIT) for FY2015:**
   - From the provided context, the operating income for FY2015 is $305,826.

2. **Identify Depreciation and Amortization (D&A) for FY2015:**
   - From the provided context, the depreciation and amortization for FY2015 is $62283 (property, equipment, and intangibles) + $3405382 (streaming content assets) + $79380 (DVD content assets) = $3,547,045.

3. **Calculate Unadjusted EBITDA:**
   - Unadjusted EBITDA = Operating Income + Depreciation and Amortization
   - Unadjusted EBITDA = $305,826 + $3,547,045 = $3,852,871

4. **Identify Revenues for FY2015:**
   - From the provided context, the revenues for FY2015 are $6,779,511.

5. **Calculate EBITDA Margin:**
   - EBITDA Margin = (Unadjusted EBITDA / Revenues) * 100
   - EBITDA Margin = ($3,852,871 / $6,779,511) * 100 ≈ 56.82%

Therefore, the FY2015 unadjusted EBITDA % margin for Netflix is approximately 56.82%.",System-1 (Fast),0,23.43,2738,NETFLIX_2015_10K,Incorrect,Calculation Error
What is Netflix's year end FY2017 total current liabilities (in USD millions)? Base your judgments on the information provided primarily in the balance sheet.,$5466.00,"Netflix's year-end FY2017 total current liabilities are $5,466.312 million.",System-1 (Fast),0,15.35,3111,NETFLIX_2017_10K,Exact Match,
"We need to calculate a reasonable approximation (or exact number if possible) of a financial metric. Basing your judgment by information plainly provided in the statement of income, what is Nike's three year average of cost of goods sold as a % of revenue from FY2016 to FY2018? Answer in units of percents and round to one decimal place.",55.1%,"To calculate the three-year average of the cost of goods sold (COGS) as a percentage of revenue for Nike from FY2016 to FY2018, we need to follow these steps:

1. Calculate the COGS for each year.
2. Calculate the COGS as a percentage of revenue for each year.
3. Find the average of these percentages over the three years.

### Step 1: Calculate COGS for each year
- **2018:**
  - Revenue: $36,397 million
  - Gross profit: $15,956 million
  - COGS = Revenue - Gross profit = $36,397 million - $15,956 million = $20,441 million

- **2017:**
  - Revenue: $34,350 million
  - Gross profit: $15,312 million
  - COGS = Revenue - Gross profit = $34,350 million - $15,312 million = $19,038 million

- **2016:**
  - Revenue: $32,376 million
  - Gross profit: $14,971 million
  - COGS = Revenue - Gross profit = $32,376 million - $14,971 million = $17,405 million

### Step 2: Calculate COGS as a percentage of revenue for each year
- **2018:**
  - COGS as % of revenue = ($20,441 / $36,397) * 100 = 56.2%

- **2017:**
  - COGS as % of revenue = ($19,038 / $34,350) * 100 = 55.4%

- **2016:**
  - COGS as % of revenue = ($17,405 / $32,376) * 100 = 53.8%

### Step 3: Find the average of these percentages over the three years
- Average COGS as % of revenue = (56.2% + 55.4% + 53.8%) / 3 = 55.1%

Thus, the three-year average of the cost of goods sold as a percentage of revenue from FY2016 to FY2018 is **55.1%**.",System-1 (Fast),0,37.66,5462,NIKE_2018_10K,Exact Match,
"According to the details clearly outlined within the balance sheet, how much total current assets did Nike have at the end of FY2019? Answer in USD millions.",$16525.00,16525,System-1 (Fast),0,40.42,3068,NIKE_2019_10K,Exact Match,
"When primarily referencing the income statement and the statement of financial position, what is the FY2021 inventory turnover ratio for Nike? Inventory turnover ratio is defined as: (FY2021 COGS) / (average inventory between FY2020 and FY2021). Round your answer to two decimal places.",3.46,The required data is not available in the provided context.,System-2 (Loops: 1),1,43.62,9924,NIKE_2021_10K,Correct Rejection,
"Among operations, investing, and financing activities, which brought in the most (or lost the least) cash flow for Nike in FY2023?","Among the three, cash flow from operations was the highest for Nike in FY2023.","Operations brought in the most cash flow for Nike in FY2023, with $5,841 million.",System-1 (Fast),0,65.37,8455,NIKE_2023_10K,Exact Match,
"Does Paypal have positive working capital based on FY2022 data? If working capital is not a useful or relevant metric for this company, then please state that and explain why.",Yes. Paypal has a positive working capital of $ 1.6Bn as of FY2022 end.,The required data is not available in the provided context.,System-2 (Loops: 1),1,30.98,13953,PAYPAL_2022_10K,Correct Rejection,
What is the FY2021 capital expenditure amount (in USD billions) for PepsiCo? Respond to the question by assuming the perspective of an investment analyst who can only use the details shown within the statement of cash flows.,$4.60,"The FY2021 capital expenditure amount for PepsiCo is $4,625 million, or $4.625 billion. This figure is derived from the ""Capital spending"" line item in the provided financial data.",System-1 (Fast),0,16.83,2398,PEPSICO_2021_10K,Exact Match,
What are the geographies that Pepsico primarily operates in as of FY2022?,"As of FY2022, Pepsico primarily operates in the following geographies: North America, Latin America, Europe, Africa, Middle East, South Asia, Asia Pacific, Australia, New Zealand and China.","Error: {'message': 'Provider returned error', 'code': 400}",,0,59.16,3308,PEPSICO_2022_10K,Technical/Infra Failure,
Has Pepsico reported any materially important ongoing legal battles from FY2022 and FY2021?,"No, Pepsico is not involved in material legal battles.",The required data is not available in the provided context.,System-2 (Loops: 1),1,76.15,3160,PEPSICO_2022_10K,Correct Rejection,
What is the quantity of restructuring costs directly outlined in Pepsico's income statements for FY2022? If restructuring costs are not explicitly outlined then state 0.,Pepsico's restructuring costs in FY2022 amounted to $411 million .,"0

The provided context does not explicitly outline restructuring costs in PepsiCo's income statements for FY2022. The closest information is found in the ""Financial Table"" on Page 17, which shows total restructuring and impairment charges of $411 million for 2022, but this is not directly from the income statement. Therefore, the answer is 0.",System-1 (Fast),0,27.17,2432,PEPSICO_2022_10K,Incorrect,Instruction-Following Error
What is the FY2022 unadjusted EBITDA less capex for PepsiCo? Define unadjusted EBITDA as unadjusted operating income + depreciation and amortization [from cash flow statement]. Answer in USD millions. Respond to the question by assuming the perspective of an investment analyst who can only use the details shown within the statement of cash flows and the income statement.,$9068.00,"Error: {'message': 'Provider returned error', 'code': 400}",,0,18.37,0,PEPSICO_2022_10K,Technical/Infra Failure,
What is the FY2022 unadjusted EBITDA % margin for PepsiCo? Calculate unadjusted EBITDA using unadjusted operating income and D&A (from cash flow statement). Give a response to the question by relying on the details shown in the statement of cash flows and the P&L statement.,16.5%,The required data is not available in the provided context.,System-2 (Loops: 1),1,68.28,4957,PEPSICO_2022_10K,Correct Rejection,
"At the Pepsico AGM held on May 3, 2023, what was the outcome of the shareholder vote on the shareholder proposal for a congruency report by Pepsico on net-zero emissions policies?",The shareholder proposal for a congruency report by Pepsico on net-zero emissions policies was defeated.,"Error: {'message': 'Provider returned error', 'code': 400}",,0,8.15,0,PEPSICO_2023_8K_dated-2023-05-05,Technical/Infra Failure,
"By how much did Pepsico increase its unsecured five year revolving credit agreement on May 26, 2023?","$400,000,000 increase.","PepsiCo increased its unsecured five year revolving credit agreement from \$3,800,000,000 to \$4,200,000,000 on May 26, 2023. This represents an increase of \$400,000,000.",System-1 (Fast),0,31.52,1114,PEPSICO_2023_8K_dated-2023-05-30,Exact Match,
"As of May 26, 2023, what is the total amount Pepsico may borrow under its unsecured revolving credit agreements?","Total amount Pepsico may borrow under unsecured revolving credit agreements = $8,400,000,000.","Error: {'message': 'Provider returned error', 'code': 400}",,0,2026-03-10 00:00:00,0,PEPSICO_2023_8K_dated-2023-05-30,Technical/Infra Failure,
How much does Pfizer expect to pay to spin off Upjohn in the future in USD million?,77.78,The required data is not available in the provided context.,System-2 (Loops: 1),1,100.93,20679,Pfizer_2023Q2_10Q,Correct Rejection,
Were there any potential events that are not in Pfizer's standard business operations that substantially increased net income in 2019?,"Yes, the gain on completion of Consumer Healthcare JV Transaction","Error: {'message': 'Provider returned error', 'code': 400}",,0,33.43,0,PFIZER_2021_10K,Technical/Infra Failure,
What are three main companies acquired by Pfizer mentioned in this 10K report?,"Trillium, Array, and Therachon","The three main companies acquired by Pfizer mentioned in this 10K report are:

1. Solutia Inc.
2. Pharmacia Corporation
3. Trillium Therapeutics Inc.",System-1 (Fast),0,57.3,4488,PFIZER_2021_10K,Incorrect,Retrieval Error
What is the year end FY2019 total amount of inventories for Best Buy? Answer in USD millions. Base your judgments on the information provided primarily in the balance sheet.,$5409.00,"The year-end FY2019 total amount of inventories for Best Buy is $4,455 million.",System-2 (Loops: 2),2,65.25,32138,BESTBUY_2019_10K,Incorrect,Retrieval Error
"For Pfizer, which geographic region had the biggest drop in Q22023 year over year revenues (on a percentage basis)?",Developed Rest of the World,"Error: {'message': 'Provider returned error', 'code': 400}",,0,173.24,6811,Pfizer_2023Q2_10Q,Technical/Infra Failure,
Did Pfizer grow its PPNE between FY20 and FY21?,"Yes, change in PPNE was positive year over year","Yes, Pfizer grew its PPNE by $1,137 million between FY2020 and FY2021.",System-2 (Loops: 1),1,155.0,31126,PFIZER_2021_10K,Exact Match,
What drove the reduction in SG&A expense as a percent of net sales in FY2023?,"Lower marketing expenses and leverage of incentive compensation due to higher sales. The answer here assumes FY2023 refers to the 12 months ended on January 28, 2023 (although the company refers to this period as its fiscal 2022.","Error: {'message': 'Provider returned error', 'code': 400}",,0,15.35,0,ULTABEAUTY_2023Q4_EARNINGS,Technical/Infra Failure,
What drove the increase in Ulta Beauty's merchandise inventories balance at end of FY2023?,"Increase in Merchandise inventories balance was driven by the opening of 47 new stores. The answer here assumes FY2023 refers to the 12 months ended on January 28, 2023 (although the company refers to this period as its fiscal 2022.","Error: {'message': 'Provider returned error', 'code': 400}",,0,2026-04-28 00:00:00,0,ULTABEAUTY_2023Q4_EARNINGS,Technical/Infra Failure,
What percent of Ulta Beauty's total spend on stock repurchases for FY 2023 occurred in Q4 of FY2023?,"36%. The answer here assumes FY2023 refers to the 12 months ended on January 28, 2023 (although the company refers to this period as its fiscal 2022.","Error: {'message': 'Provider returned error', 'code': 400}",,0,10.24,0,ULTABEAUTY_2023Q4_EARNINGS,Technical/Infra Failure,
Did Ulta Beauty's wages expense as a percent of net sales increase or decrease in FY2023?,"Wages expense as a percent of net sales increased in FY2023. The answer here assumes FY2023 refers to the 12 months ended on January 28, 2023 (although the company refers to this period as its fiscal 2022.","Error: {'message': 'Provider returned error', 'code': 400}",,0,15.85,0,ULTABEAUTY_2023Q4_EARNINGS,Technical/Infra Failure,
Which debt securities are registered to trade on a national securities exchange under Ulta Beauty's name as of FY2023?,There are none,"Error: {'message': 'Provider returned error', 'code': 400}",,0,32.7,2595,ULTABEAUTY_2023_10K,Technical/Infra Failure,
What are major acquisitions that Ulta Beauty has done in FY2023 and FY2022?,Ulta Beauty did not make any acquisitions in FY2023 and FY2022.,"Error: {'message': 'Provider returned error', 'code': 400}",,0,18.54,0,ULTABEAUTY_2023_10K,Technical/Infra Failure,
"Among all of the derivative instruments that Verizon used to manage the exposure to fluctuations of foreign currencies exchange rates or interest rates, which one had the highest notional value in FY 2021?","Cross currency swaps. Its notional value was $32,502 million.","Error: {'message': 'Provider returned error', 'code': 400}",,0,22.64,0,VERIZON_2021_10K,Technical/Infra Failure,
"As of FY 2021, how much did Verizon expect to pay for its retirees in 2024?","The estimated pension benefits were $1097 million, and the estimated health care and life insurance benefits were $862 million.","$1,001 million",System-1 (Fast),0,23.49,3157,VERIZON_2021_10K,Incorrect,Retrieval Error
"Does Verizon have a reasonably healthy liquidity profile based on its quick ratio for FY 2022? If the quick ratio is not relevant to measure liquidity, please state that and explain why.",No. The quick ratio was approximately 0.54 for Verizon. It indicated that Verizon does not have a healthy liquidity profile.,"Error: {'message': 'Provider returned error', 'code': 400}",,0,14.73,0,VERIZON_2022_10K,Technical/Infra Failure,
Are there any product categories / service categories that represent more than 20% of Boeing's revenue for FY2022?,"Yes. Boeing has product and service categories that represent more than 20% of Boeing's revenue for FY2022. These categories are Commercial Airplanes which comprises 39% of total revenue, Defence which comprises 35% of total revenue and Services which comprises 26% of total revenue.","Yes, the Commercial Airplanes category represents more than 20% of Boeing's revenue for FY2022.",System-2 (Loops: 1),1,107.26,20778,BOEING_2022_10K,Partial Match,Completeness Error
Has Verizon increased its debt on balance sheet between 2022 and the 2021 fiscal period?,No. Verizon's debt decreased by $229 million.,"No, Verizon's total long-term debt, including current maturities, decreased slightly from $150,868 million in 2021 to $150,489 million in 2022. However, the total long-term debt (excluding current maturities) decreased from $143,425 million in 2021 to $140,676 million in 2022. Therefore, Verizon has not increased its debt on the balance sheet between 2022 and the 2021 fiscal period.",System-1 (Fast),0,10.84,3013,VERIZON_2022_10K,Partial Match,Completeness Error
